<?xml version="1.0" encoding="UTF-8"?>
<project-private xmlns="http://www.netbeans.org/ns/project-private/1">
    <editor-bookmarks xmlns="http://www.netbeans.org/ns/editor-bookmarks/2" lastBookmarkId="0"/>
    <open-files xmlns="http://www.netbeans.org/ns/projectui-open-files/2">
        <group>
            <file>file:/C:/Users/dm/Documents/NetBeansProjects/audio_rec/src/audio_rec/ChatForm.java</file>
            <file>file:/C:/Users/dm/Documents/NetBeansProjects/audio_rec/src/audio_rec/FoForm.java</file>
            <file>file:/C:/Users/dm/Documents/NetBeansProjects/audio_rec/src/audio_rec/szoveg_kuldes.java</file>
            <file>file:/C:/Users/dm/Documents/NetBeansProjects/audio_rec/src/audio_rec/menteshely.java</file>
            <file>file:/C:/Users/dm/Documents/NetBeansProjects/audio_rec/src/audio_rec/LanguageClass.java</file>
        </group>
    </open-files>
</project-private>
